Ask a question:,Choose a model,Enter additional context:,Generated SQL Query,Query Results,Summarization,flag,username,timestamp
```","{""headers"": [""most_purchased_product""], ""data"": [[""Tesla""]], ""metadata"": {""display_value"": null, ""styling"": null}}",The most purchased product is the Tesla.,,,2024-06-10 09:47:55.917139
How many employees are there?,gemma2-9b-it,5,,"```sql
SELECT COUNT(*) AS TotalEmployees
FROM Employee
```","{""headers"": [""TotalEmployees""], ""data"": [[8]], ""metadata"": {""display_value"": null, ""styling"": null}}","There are 8 employees.  
",,,2024-07-29 02:02:22.494261
How many artists are there?,gemma2-9b-it,5,,"```sql
SELECT COUNT(*) AS artist_count
FROM Artist
```","{""headers"": [""artist_count""], ""data"": [[275]], ""metadata"": {""display_value"": null, ""styling"": null}}","There are 275 artists. 
",,,2024-07-29 10:29:12.829015
What's the average invoice from an American customer whose fax is missing since 2003 but before 2010?,gemma2-9b-it,5,,"```sql
SELECT AVG(Total)
FROM Invoice i
JOIN Customer c ON i.CustomerId = c.CustomerId
WHERE c.Country = 'USA'
  AND c.Fax IS NULL
  AND i.InvoiceDate BETWEEN '2003-01-01' AND '2010-01-01'
```","{""headers"": [""avg(Total)""], ""data"": [[6.632999999999998]], ""metadata"": {""display_value"": null, ""styling"": null}}","The average invoice total from American customers with missing fax information between 2003 and 2010 is \$6.63. 
",,,2024-07-29 10:32:04.198524
What's the average invoice from an American customer whose fax is missing since 2003 but before 2010?,llama3-8b-8192,5,,"```sql
SELECT AVG(i.Total)
FROM Invoice i
INNER JOIN Customer c ON i.CustomerId = c.CustomerId
WHERE c.Country = 'USA'
  AND c.Fax IS NULL
  AND i.InvoiceDate BETWEEN '2003-01-01' AND '2009-12-31'
```","{""headers"": [""avg(i.Total)""], ""data"": [[6.632999999999998]], ""metadata"": {""display_value"": null, ""styling"": null}}",The average invoice amount from an American customer whose fax is missing comes out to be \$6.63. This is referring to data from customers with missing fax information between the years 2003 and 2010.,,,2024-07-29 10:32:33.149448
"Write a SQL query to show the top 10 albums with the highest number of tracks. The result should contain 2 columns: album ID and number of tracks in the album (name the column ""Tracks"").",gemma2-9b-it,5,,"'```sql
SELECT AlbumId,
       COUNT(DISTINCT TrackId) AS Tracks
FROM Track
GROUP BY AlbumId
ORDER BY Tracks DESC
LIMIT 10;
```","{""headers"": [""AlbumId"", ""Tracks""], ""data"": [[141, 57], [23, 34], [73, 30], [229, 26], [251, 25], [230, 25], [83, 24], [253, 24], [231, 24], [24, 23]], ""metadata"": {""display_value"": null, ""styling"": null}}","The top 10 albums with the most tracks have IDs ranging from 141 to 253.  The album with ID 141 has the most tracks, with 57.  The album with ID 23 has the second highest number of tracks at 34.  
",,,2024-07-31 12:26:37.160363
"Show a list of the top 10 customer with the highest total spend in 2012. Calculate the total amount spent by each customer by adding the totals from all their invoices in the year 2012. Order the list by the invoice total (decreasing order). The result should contain the rows CustomerId, FirstName, LastName and TotalSpend.",gemma2-9b-it,5,,"'```sql
SELECT c.CustomerId,
       c.FirstName,
       c.LastName,
       SUM(i.Total) AS TotalSpend
FROM Customer AS c
JOIN Invoice AS i ON c.CustomerId = i.CustomerId
WHERE DATE_PART('year', i.InvoiceDate) = 2012
GROUP BY c.CustomerId,
         c.FirstName,
         c.LastName
ORDER BY TotalSpend DESC
LIMIT 10
```","{""headers"": [""CustomerId"", ""FirstName"", ""LastName"", ""TotalSpend""], ""data"": [[26, ""Richard"", ""Cunningham"", 25.84], [34, ""Jo\u00e3o"", ""Fernandes"", 24.77], [13, ""Fernanda"", ""Ramos"", 24.75], [51, ""Joakim"", ""Johansson"", 24.75], [55, ""Mark"", ""Taylor"", 22.77], [43, ""Isabelle"", ""Mercier"", 18.84], [5, ""Franti\u0161ek"", ""Wichterlov\u00e1"", 18.84], [28, ""Julia"", ""Barnett"", 17.88], [22, ""Heather"", ""Leacock"", 17.84], [24, ""Frank"", ""Ralston"", 15.879999999999999]], ""metadata"": {""display_value"": null, ""styling"": null}}","The table shows the top 10 customers with the highest total spending in 2012. The total spend for each customer is calculated by summing their invoice totals from that year. The list is ordered from highest total spend to lowest.  
",,,2024-07-31 12:48:50.264732
Which artist has earned the most according to the Invoice Lines?,gemma2-9b-it,5,,"'```sql
SELECT a.Name,
       SUM(il.UnitPrice * il.Quantity) AS TotalEarnings
FROM Artist AS a
JOIN Album AS alb ON a.ArtistId = alb.ArtistId
JOIN Track AS t ON alb.AlbumId = t.AlbumId
JOIN InvoiceLine AS il ON t.TrackId = il.TrackId
GROUP BY a.Name
ORDER BY TotalEarnings DESC
LIMIT 1
```","{""headers"": [""Name"", ""TotalEarnings""], ""data"": [[""Iron Maiden"", 138.5999999999998]], ""metadata"": {""display_value"": null, ""styling"": null}}","Iron Maiden has earned the most, with a total of \$138.6. 
",,,2024-07-31 14:16:56.491900
What are the respective total sales for each of those years?,llama-3.1-8b-instant,5,,"'```sql
SELECT YEAR(invoiceDate) AS salesYear,
       SUM(Total) AS totalSales
FROM Invoice
GROUP BY YEAR(invoiceDate)
```","{""headers"": [""salesYear"", ""totalSales""], ""data"": [[2009, 449.4600000000003], [2012, 477.53000000000026], [2011, 469.5800000000003], [2010, 481.45000000000033], [2013, 450.58000000000027]], ""metadata"": {""display_value"": null, ""styling"": null}}","The total sales for 2009, 2010, and 2011 are similar, with the highest at \$481.45 in 2010. The sales in 2009 and 2011 are lower, at \$449.46 and \$469.58 respectively. The years 2012 and 2013 have the highest total sales of \$477.53 and \$450.58 respectively.",,,2024-07-31 14:55:43.318853
Provide a query showing only the Employees who are Sales Support Agents,gemma2-9b-it,5,,"```sql
SELECT *
FROM Employee
WHERE Title = 'Sales Support Agent'
```","{""headers"": [""EmployeeId"", ""LastName"", ""FirstName"", ""Title"", ""ReportsTo"", ""BirthDate"", ""HireDate"", ""Address"", ""City"", ""State"", ""Country"", ""PostalCode"", ""Phone"", ""Fax"", ""Email""], ""data"": [[3, ""Peacock"", ""Jane"", ""Sales Support Agent"", 2, ""1973-08-29 00:00:00"", ""2002-04-01 00:00:00"", ""1111 6 Ave SW"", ""Calgary"", ""AB"", ""Canada"", ""T2P 5M5"", ""+1 (403) 262-3443"", ""+1 (403) 262-6712"", ""jane@chinookcorp.com""], [4, ""Park"", ""Margaret"", ""Sales Support Agent"", 2, ""1947-09-19 00:00:00"", ""2003-05-03 00:00:00"", ""683 10 Street SW"", ""Calgary"", ""AB"", ""Canada"", ""T2P 5G3"", ""+1 (403) 263-4423"", ""+1 (403) 263-4289"", ""margaret@chinookcorp.com""], [5, ""Johnson"", ""Steve"", ""Sales Support Agent"", 2, ""1965-03-03 00:00:00"", ""2003-10-17 00:00:00"", ""7727B 41 Ave"", ""Calgary"", ""AB"", ""Canada"", ""T3B 1Y7"", ""1 (780) 836-9987"", ""1 (780) 836-9543"", ""steve@chinookcorp.com""]], ""metadata"": null}","The table lists three employees: Jane Peacock, Margaret Park, and Steve Johnson. All three employees have the title ""Sales Support Agent"".  
",,,2024-07-31 14:58:19.885652
Get the names of all customers who have not made any purchases in the last year,llama-3.1-8b-instant,5,,"'```sql
SELECT c.FirstName,
       c.LastName
FROM Customer c
LEFT JOIN Invoice i ON c.CustomerId = i.CustomerId
WHERE i.InvoiceId IS NULL
  AND EXTRACT(YEAR
              FROM CURRENT_DATE - i.InvoiceDate) = EXTRACT(YEAR
                                                           FROM CURRENT_DATE)
```","{""headers"": [""FirstName"", ""LastName""], ""data"": [[]], ""metadata"": {""display_value"": null, ""styling"": null}}",There are no customers who have not made any purchases in the last year.,,,2024-08-06 10:56:19.793671
Find the names of tracks that were not purchased by any customer,llama-3.1-8b-instant,5,,"```sql
SELECT T2.Name
FROM TRACK AS T2
LEFT JOIN INVOICELINE AS T1 ON T2.TrackId = T1.TrackId
WHERE T1.TrackId IS NULL
```","{""headers"": [""Name""], ""data"": [[""Let's Get It Up""], [""C.O.D.""], [""Let There Be Rock""], [""Bad Boy Boogie""], [""Whole Lotta Rosie""], [""Walk On Water""], [""Dude (Looks Like A Lady)""], [""Cryin'""], [""The Other Side""], [""Crazy""], [""Eat The Rich""], [""Perfect""], [""Hand In My Pocket""], [""Head Over Feet""], [""Mary Jane""], [""Ironic""], [""You Oughta Know (Alternate)""], [""We Die Young""], [""Man In The Box""], [""Love, Hate, Love""], [""Sunshine""], [""Put You Down""], [""Desafinado""], [""Garota De Ipanema""], [""Samba De Uma Nota S\u00f3 (One Note Samba)""], [""Fotografia""], [""Dindi (Dindi)""], [""Se Todos Fossem Iguais A Voc\u00ea (Instrumental)""], [""Corcovado (Quiet Nights Of Quiet Stars)""], [""Outra Vez""], [""Enter Sandman""], [""Harvester Of Sorrow""], [""Sad But True""], [""Creeping Death""], [""Wherever I May Roam""], [""Show Me How to Live""], [""Gasoline""], [""What You Are""], [""Shadow on the Sun""], [""I am the Highway""], [""Bring'em Back Alive""], [""Light My Way""], [""Getaway Car""], [""Out Of Exile""], [""Be Yourself""], [""Heaven's Dead""], [""The Worm""], [""Man Or Animal""], [""#1 Zero""], [""The Curse""], [""Bad Boy""], [""Twist And Shout""], [""Please Mr. Postman""], [""Slow Down""], [""Roadrunner""], [""20 Flight Rock""], [""Quadrant""], [""Snoopy's search-Red baron""], [""Stratus""], [""The pleasant pheasant""], [""Intro/ Low Down""], [""13 Years Of Grief""], [""Stronger Than Death""], [""Phoney Smile Fake Hellos""], [""Lost My Better Half""], [""Born To Booze""], [""World Of Trouble""], [""No More Tears""], [""Snowblind""], [""Like A Bird""], [""Black Sabbath""], [""The Wizard""], [""Behind The Wall Of Sleep""], [""Sleeping Village""], [""Warning""], [""Wheels Of Confusion / The Straightener""], [""Changes""], [""FX""], [""Supernaut""], [""St. Vitus Dance""], [""Now Sports""], [""The Real Problem""], [""D Note""], [""The Winner Loses""], [""There Goes The Neighborhood""], [""Oprah""], [""Momma's Gotta Die Tonight""], [""Freedom Of Speech""], [""Pretty Baby""], [""She Suits Me To A Tee""], [""Keep It To Myself (Aka Keep It To Yourself)""], [""Too Many Ways (Alternate)""], [""Talkin' 'Bout Women Obviously""], [""Dr\u00e3o""], [""A Luz De Tieta""], [""Sozinho (Hitmakers Classic Radio Edit)""], [""Carolina""], [""Essa Mo\u00e7a Ta Diferente""], [""Brejo Da Cruz""], [""Vai Trabalhar Vagabundo""], [""Quilombo Groove [Instrumental]""], [""Mac\u00f4""], [""O Encontro De Isaac Asimov Com Santos Dumont No C\u00e9u""], [""Corpo De Lama""], [""Bai\u00e3o Ambiental [Instrumental]""], [""Enquanto O Mundo Explode""], [""Samidarish [Instrumental]""], [""Maracatu At\u00f4mico [Atomic Version]""], [""Maracatu At\u00f4mico [Ragga Mix]""], [""Cidade""], [""Praiera""], [""Salustiano Song""], [""Antene Se""], [""Risoflora""], [""Girassol""], [""A Sombra Da Maldade""], [""Johnny B. Goode""], [""O Er\u00ea""], [""A Estrada""], [""Berlim""], [""Concilia\u00e7\u00e3o""], [""Realidade Virtual""], [""Mensagem""], [""O Er\u00ea""], [""A Sombra Da Maldade""], [""A Estrada""], [""Pensamento""], [""Realidade Virtual""], [""Downtown""], [""A Cor Do Sol""], [""Noite Do Prazer""], [""\u00c0 Francesa""], [""Cada Um Cada Um (A Namoradeira)""], [""F\u00e9rias""], [""Gostava Tanto De Voc\u00ea""], [""Flor Do Futuro""], [""Dig-Dig, Lambe-Lambe (Ao Vivo)""], [""Perer\u00ea""], [""Daniela""], [""Bate Lata""], [""Garotas do Brasil""], [""Reboladeira""], [""\u00c9 que Nessa Encarna\u00e7\u00e3o Eu Nasci Manga""], [""Latinha de Cerveja""], [""You Shook Me""], [""I Can't Quit You Baby""], [""The Girl I Love She Got Long Black Wavy Hair""], [""What is and Should Never Be""], [""Whole Lotta Love""], [""Somethin' Else""], [""Communication Breakdown(3)""], [""How Many More Times""], [""Debra Kadabra""], [""Poofter's Froth Wyoming Plans Ahead""], [""200 Years Old""], [""Cucamonga""], [""Muffin Man""], [""Vai-Vai 2001""], [""Nene 2001""], [""Rosas De Ouro 2001""], [""Mocidade Alegre 2001""], [""Tucuruvi 2001""], [""Aguia De Ouro 2001""], [""Perola Negra 2001""], [""Sao Lucas 2001""], [""Guanabara""], [""A Paz""], [""Wave (Vou te Contar)""], [""Pode Parar""], [""Menino do Rio""], [""Ando Meio Desligado""], [""Menina Bonita""], [""Pescador de Ilus\u00f5es""], [""\u00c0 Vontade (Live Mix)""], [""Sambassim (dj patife remix)""], [""Garota De Ipanema""], [""Tim Tim Por Tim Tim""], [""Al\u00f4 Al\u00f4 Marciano""], [""Alice""], [""Mr Funk Samba""], [""Por Voc\u00ea""], [""Free Speech For The Dumb""], [""It's Electric""], [""Sabbra Cadabra""], [""Loverman""], [""Mercyful Fate""], [""The Miracle""], [""Hammer To Fall""], [""Friends Will Be Friends""], [""One Vision""], [""Detroit Rock City""], [""Do You Love Me""], [""Rock And Roll All Nite""], [""Heart of the Night""], [""Westwood Moon""], [""Midnight""], [""Welcome To Paradise""], [""J.A.R. (Jason Andrew Relva)""], [""Hitchin' A Ride""], [""Good Riddance (Time Of Your Life)""], [""Warning""], [""Waiting""], [""She Give Me ...""], [""Love Is Blind""], [""Midnight Blue""], [""Too Many Tears""], [""Don't Lie To Me""], [""O Que \u00c9 O Que \u00c9 ?""], [""Sangrando""], [""Com A Perna No Mundo""], [""E Vamos \u00c0 Luta""], [""Um Homem Tamb\u00e9m Chora (Guerreiro Menino)""], [""Espere Por Mim, Morena""], [""Meia-Lua Inteira""], [""Voce e Linda""], [""O Estrangeiro""], [""Qualquer Coisa""], [""Sampa""], [""Terra""], [""Alegria, Alegria""], [""Balada Do Louco""], [""Baby""], [""A E O Z""], [""Panis Et Circenses""], [""Bat Macumba""], [""Desculpe Babe""], [""Banho De Lua""], [""Burn""], [""Gypsy""], [""Lady Double Dealer""], [""Mistreated""], [""Custard Pie""], [""The Rover""], [""In My Time Of Dying""], [""Kashmir""], [""Imperatriz""], [""Mocidade""], [""Unidos Da Tijuca""], [""Salgueiro""], [""Grande Rio""], [""Portela""], [""Imp\u00e9rio Serrano""], [""Tuiuti""], [""(Da Le) Yaleo""], [""Africa Bamba""], [""Smooth""], [""Migra""], [""Corazon Espinado""], [""Wishing It Was""], [""The Calling""], [""Solu\u00e7\u00e3o""], [""Um Contrato Com Deus""], [""Um Jantar Pra Dois""], [""Vamos Dan\u00e7ar""], [""Baixo Rio""], [""Sombras Do Meu Destino""], [""J\u00e1!!!""], [""A Rua""], [""Now's The Time""], [""Tempus Fugit""], [""Walkin'""], [""New Rhumba""], [""Generique""], [""Summertime""], [""Someday My Prince Will Come""], [""My Funny Valentine (Live)""], [""Petits Machins (Little Stuff)""], [""Miles Runs The Voodoo Down""], [""Little Church (Live)""], [""Time After Time""], [""Portia""], [""Space Truckin'""], [""Mistreated (Alternate Version)""], [""You Fool No One (Alternate Version)""], [""Jeepers Creepers""], [""Leave Us Leap""], [""Disc Jockey Jump""], [""Coronation Drop""], [""Imagination""], [""Midget""], [""I'm Coming Virginia""], [""Payin' Them Dues Blues""], [""Swedish Schnapps""], [""Samba Da B\u00ean\u00e7\u00e3o""], [""Linha de Passe (Jo\u00e3o Bosco)""], [""Marina (Dorival Caymmi)""], [""Aquarela (Toquinho)""], [""Dona (Roupa Nova)""], [""Come\u00e7aria Tudo Outra Vez (Maria Creuza)""], [""I Put A Spell On You""], [""Travelin' Band""], [""Lookin' Out My Back Door""], [""I Heard It Through The Grapevine""], [""Have You Ever Seen The Rain?""], [""It Came Out Of The Sky""], [""My Baby Left Me""], [""Lookin' For A Reason""], [""Hello Mary Lou""], [""Gera\u00e7\u00e3o Coca-Cola (Ao Vivo)""], [""Lanterna Dos Afogados""], [""1\u00b0 De Julho""], [""Vida Bandida (Ao Vivo)""], [""Juventude Transviada (Ao Vivo)""], [""Malandragem""], [""O Segundo Sol""], [""N\u00f3s (Ao Vivo)""], [""Na Cad\u00eancia Do Samba""], [""Blues Da Piedade""], [""Rubens""], [""N\u00e3o Deixe O Samba Morrer - Cassia Eller e Alcione""], [""Lady Luck""], [""Gettin' Tighter""], [""Dealer""], [""This Time Around / Owed to 'G' [Instrumental]""], [""Speed King""], [""Bloodsucker""], [""Living Wreck""], [""Hard Lovin' Man""], [""Fireball""], [""Anyone's Daughter""], [""The Mule""], [""Fools""], [""Bad Attitude""], [""Child In Time (Son Of Aleric - Instrumental)""], [""Perfect Strangers""], [""Call Of The Wild""], [""Smoke On The Water""], [""Space Trucking""], [""Highway Star""], [""Never Before""], [""Smoke On The Water""], [""Lazy""], [""Loosen My Strings""], [""Soon Forgotten""], [""The Aviator""], [""Rosa's Cantina""], [""A Castle Full Of Rascals""], [""Somebody Stole My Guitar""], [""The Purpendicular Waltz""], [""Fire In The Basement""], [""Truth Hurts""], [""Breakfast In Bed""], [""Too Much Is Not Enough""], [""Wicked Ways""], [""Holy Man""], [""Hold On""], [""Lady Double Dealer""], [""The Gypsy""], [""Soldier Of Fortune""], [""Anya""], [""Talk About Love""], [""Time To Kill""], [""Nasty Piece Of Work""], [""Solitaire""], [""Photograph""], [""Love Bites""], [""Let's Get Rocked""], [""Heaven Is""], [""Rocket""], [""Make Love Like A Man""], [""Armageddon It""], [""Have You Ever Needed Someone So Bad""], [""Bringin' On The Heartbreak""], [""Roll Call""], [""Paris On Mine""], [""In Time""], [""Plan B""], [""Talkin Loud and Saying Nothin""], [""P\u00e9tala""], [""Meu Bem-Querer""], [""Boa Noite""], [""Fato Consumado""], [""Faltando Um Peda\u00e7o""], [""Eu Te Devoro""], [""Samurai""], [""Serrado""], [""Amar \u00c9 Tudo""], [""Seduzir""], [""A Carta""], [""Sina""], [""O B\u00eabado e a Equilibrista""], [""O Mestre-Sala dos Mares""], [""I Feel Free""], [""Strange Brew""], [""White Room""], [""Cocaine""], [""I Shot The Sheriff""], [""I Can't Stand It""], [""Running On Faith""], [""Malted Milk""], [""Rollin' And Tumblin'""], [""Collision""], [""Land Of Sunshine""], [""Smaller And Smaller""], [""Crack Hitler""], [""Jizzlobber""], [""Ricochet""], [""Evidence""], [""Caralho Voador""], [""Digging The Grave""], [""The Last To Know""], [""Just A Man""], [""Absolute Zero""], [""Zombie Eaters""], [""The Real Thing""], [""War Pigs""], [""Edge Of The World""], [""Deixa Entrar""], [""Rindo \u00c0 Toa""], [""Confid\u00eancia""], [""Forr\u00f3 De T\u00f3quio""], [""Asas""], [""Ora\u00e7\u00e3o""], [""Minha Gata""], [""Best Of You""], [""DOA""], [""Hell""], [""Resolve""], [""The Deepest Blues Are Black""], [""End Over End""], [""Miracle""], [""Another Round""], [""On The Mend""], [""Cold Day In The Sun""], [""All My Life""], [""Low""], [""Have It All""], [""Tired Of You""], [""Halo""], [""Lonely As You""], [""Come Back""], [""Doll""], [""My Poor Brain""], [""Wind Up""], [""Up In Arms""], [""Enough Space""], [""February Stars""], [""New Way Home""], [""My Way""], [""Strangers In The Night""], [""Something Stupid""], [""Moon River""], [""For Once In My Life""], [""Love And Marriage""], [""They Can't Take That Away From Me""], [""I've Got You Under My Skin""], [""The Best Is Yet To Come""], [""That's Life""], [""The Girl From Ipanema""], [""The Lady Is A Tramp""], [""Loves Been Good To Me""], [""L.A. Is My Lady""], [""Funk De Bamba (Com Fernanda Abreu)""], [""Call Me At Cleo\u00b4s""], [""Olhos Coloridos (Com Sandra De S\u00e1)""], [""Forty Days (Com DJ Hum)""], [""Balada Da Paula""], [""Mot\u00e9is""], [""Whistle Stop""], [""16 Toneladas""], [""\u00d3ia Eu Aqui De Novo""], [""Bai\u00e3o Da Penha""], [""\u00daltimo Pau-De-Arara""], [""Asa Branca""], [""Qui Nem Jil\u00f3""], [""A Volta Da Asa Branca""], [""O Amor Daqui De Casa""], [""As Pegadas Do Amor""], [""Casinha Feliz""], [""Introdu\u00e7\u00e3o (Live)""], [""Palco (Live)""], [""Vendedor De Caranguejo (Live)""], [""C\u00e9rebro Eletr\u00f4nico (Live)""], [""Ghandi (Live)""], [""Doce De Carnaval (Candy All)""], [""Pretinha""], [""A Novidade""], [""Tenho Sede""], [""Esot\u00e9rico""], [""Dr\u00e3o""], [""I Stand Alone""], [""Releasing The Demons""], [""Dead And Broken""], [""The Awakening""], [""Serenity""], [""She's A Rebel""], [""Nightrain""], [""My Michelle""], [""Sweet Child O' Mine""], [""You're Crazy""], [""November Rain""], [""Bad Apples""], [""Knockin' On Heaven's Door""], [""Get In The Ring""], [""Locomotive""], [""So Fine""], [""My World""], [""Love Is The Colour""], [""Gypsy""], [""Journey Into Sunlight""], [""Sunchild""], [""Dark Side Of The Cog""], [""Different World""], [""The Longest Day""], [""Out of the Shadows""], [""The Reincarnation of Benjamin Breeg""], [""The Legacy""], [""Hallowed Be Thy Name (Live) [Non Album Bonus Track]""], [""The Number Of The Beast""], [""Remember Tomorrow""], [""Sanctuary""], [""Running Free""], [""Hallowed Be Thy Name""], [""Be Quick Or Be Dead""], [""From Here To Eternity""], [""Tailgunner""], [""The Evil That Men Do""], [""Afraid To Shoot Strangers""], [""The Clairvoyant""], [""Fear Of The Dark""], [""Brave New World""], [""The Mercenary""], [""The Fallen Angel""], [""The Nomad""], [""Out Of The Silent Planet""], [""Rainmaker""], [""No More Lies""], [""Montsegur""], [""New Frontier""], [""Paschendale""], [""Journeyman""], [""Be Quick Or Be Dead""], [""From Here To Eternity""], [""Childhood's End""], [""Wasting Love""], [""The Apparition""], [""Judas Be My Guide""], [""Weekend Warrior""], [""02 - Sanctuary""], [""03 - Remember Tomorrow""], [""06 - Transylvania""], [""07 - Strange World""], [""08 - Charlotte the Harlot""], [""Wrathchild""], [""Murders In The Rue Morgue""], [""Innocent Exile""], [""Killers""], [""Prodigal Son""], [""Intro- Churchill S Speech""], [""Aces High""], [""Revelations""], [""Flight Of Icarus""], [""Rime Of The Ancient Mariner""], [""Hallowed Be Thy Name""], [""Iron Maiden""], [""Wrathchild""], [""Acacia Avenue""], [""Children Of The Damned""], [""Be Quick Or Be Dead""], [""The Number Of The Beast""], [""Can I Play With Madness""], [""Wasting Love""], [""Tailgunner""], [""Fear Of The Dark""], [""Bring Your Daughter... To The Slaughter...""], [""The Clairvoyant""], [""Run To The Hills""], [""2 Minutes To Midnight""], [""Iron Maiden""], [""Running Free""], [""Public Enema Number One""], [""Hooks In You""], [""Mother Russia""], [""Revelations""], [""Flight Of The Icarus""], [""Die With Your Boots On""], [""Quest For Fire""], [""Sun And Steel""], [""2 Minutes To Midnight""], [""The Mercenary""], [""The Trooper""], [""The Clansman""], [""The Evil That Men Do""], [""Infinite Dreams""], [""Wasted Years""], [""Alexander the Great""], [""The Loneliness of the Long Dis""], [""22 Acacia Avenue""], [""Look For The Truth""], [""The Edge Of Darkness""], [""The Clansman""], [""When Two Worlds Collide""], [""Please Please Please""], [""Think""], [""I Got You (I Feel Good)""], [""Cold Sweat""], [""Make It Funky Pt.1""], [""I'm A Greedy Man Pt.1""], [""Get On The Good Foot""], [""Hot Pants Pt.1""], [""Soul Power (Live)""], [""If I Like It, I Do It""], [""Music Of The Wind""], [""Emergency On Planet Earth""], [""Revolution 1993""], [""Didgin' Out""], [""Canned Heat""], [""Failling""], [""Supersonic""], [""Butterfly""], [""Just Another Story""], [""Stillness In Time""], [""Half The Man""], [""The Kids""], [""Mr. Moon""], [""Scam""], [""Space Cowboy""], [""Last Chance""], [""Look What You've Done""], [""Move On""], [""Get Me Outta Here""], [""Cold Hard Bitch""], [""Come Around Again""], [""Timothy""], [""Foxy Lady""], [""Manic Depression""], [""Love Or Confusion""], [""I Don't Live Today""], [""Third Stone From The Sun""], [""Remember""], [""Are You Experienced?""], [""Purple Haze""], [""51st Anniversary""], [""Surfing with the Alien""], [""Ice 9""], [""Crushing Day""], [""Hill of the Skull""], [""Circles""], [""Echo""], [""Engenho De Dentro""], [""Alcohol""], [""W/Brasil (Chama O S\u00edndico)""], [""Pa\u00eds Tropical""], [""Selassi\u00ea""], [""Menina Sarar\u00e1""], [""Que Maravilha""], [""Taj Mahal""], [""Rapidamente""], [""My Brother""], [""H\u00e1 Quanto Tempo""], [""V\u00edcio""], [""A Tarde""], [""Always Be All Right""], [""Pura Elegancia""], [""Choramingando""], [""Por Merecer""], [""Cuando A Noite Vai Chegando""], [""Naquele Dia""], [""Cuando Eu For Pro Ceu""], [""Do Nosso Amor""], [""Borogodo""], [""The Green Manalishi""], [""Living After Midnight""], [""Breaking The Law (Live)""], [""Heading Out To The Highway (Live)""], [""The Hellion""], [""Electric Eye""], [""Some Heads Are Gonna Roll""], [""Victim Of Change (Live)""], [""Goin' Blind""], [""Domino""], [""A World Without Heroes""], [""Rock Bottom""], [""See You Tonight""], [""2,000 Man""], [""Beth""], [""I Can't Quit You Baby""], [""Darlene""], [""Bonzo's Montreux""], [""The Song Remains The Same""], [""The Rain Song""], [""South Bound Saurez""], [""The Battle Of Evermore""], [""Going To California""], [""Good Times Bad Times""], [""Babe I'm Gonna Leave You""], [""Heartbreaker""], [""Bring It On Home""], [""Gallows Pole""], [""Tangerine""], [""In The Light""], [""Bron-Yr-Aur""], [""The Wanton Song""], [""Black Country Woman""], [""Royal Orleans""], [""Nobody's Fault But Mine""], [""Candy Store Rock""], [""The Song Remains The Same""], [""Rain Song""], [""Moby Dick""], [""Whole Lotta Love""], [""Nat\u00e1lia""], [""Longe Do Meu Lado""], [""A Via L\u00e1ctea""], [""M\u00fasica Ambiente""], [""Mil Peda\u00e7os""], [""1\u00ba De Julho""], [""Esperando Por Mim""], [""Ainda \u00c9 Cedo""], [""Gera\u00e7\u00e3o Coca-Cola""], [""Eduardo E M\u00f4nica""], [""Que Pa\u00eds \u00c9 Este""], [""Faroeste Caboclo""], [""H\u00e1 Tempos""], [""Vento No Litoral""], [""Perfei\u00e7\u00e3o""], [""Antes Das Seis""], [""Fly Away""], [""Again""], [""It Ain't Over 'Til It's Over""], [""Can't Get You Off My Mind""], [""Stand By My Woman""], [""Always On The Run""], [""Heaven Help""], [""Let Love Rule""], [""Black Velveteen""], [""Dancin\u00b4Days""], [""Um Pro Outro""], [""Aviso Aos Navegantes""], [""Hyperconectividade""], [""O Descobridor Dos Sete Mares""], [""Um Certo Algu\u00e9m""], [""Fullg\u00e1s""], [""S\u00e1bado \u00c0 Noite""], [""Atr\u00e1s Do Trio El\u00e9trico""], [""Senta A Pua""], [""Toda Forma De Amor""], [""Tudo Igual""], [""Fogo De Palha""], [""Se Voc\u00ea Pensa""], [""L\u00e1 Vem O Sol (Here Comes The Sun)""], [""Kayleigh""], [""Lavender""], [""Bitter Suite: Brief Encounter / Lost Weekend / Blue Angel""], [""Lords Of The Backstage""], [""Blind Curve: Vocal Under A Bloodlight / Passing Strangers / Mylo / Perimeter Walk / Threshold""], [""Arrepio""], [""Magamalabares""], [""Chuva No Brejo""], [""Mara\u00e7\u00e1""], [""Blanco""], [""Beija Eu""], [""Give Me Love""], [""Ainda Lembro""], [""Ao Meu Redor""], [""Bem Leve""], [""Wherever I Lay My Hat""], [""Get My Hands On Some Lovin'""], [""No Good Without You""], [""You're What's Happening (In The World Today)""], [""Loving You Is Sweeter Than Ever""], [""It's A Bitter Pill To Swallow""], [""Gonna Keep On Tryin' Till I Win Your Love""], [""Gonna Give Her All The Love I've Got""], [""I Wish It Would Rain""], [""Ego Tripping Out""], [""Overkill""], [""Who Can It Be Now?""], [""Dr. Heckyll & Mr. Jive""], [""No Sign of Yesterday""], [""Enter Sandman""], [""Sad But True""], [""Wherever I May Roam""], [""Don't Tread On Me""], [""The Prince""], [""Killing Time""], [""Overkill""], [""Stone Dead Forever""], [""Too Late Too Late""], [""No Remorse""], [""Hero Of The Day""], [""Wasted My Hate""], [""Thorn Within""], [""Ronnie""], [""Devil's Dance""], [""Carpe Diem Baby""], [""Fixxxer""], [""Fight Fire With Fire""], [""Trapped Under Ice""], [""Escape""], [""St. Anger""], [""Dirty Window""], [""Sweet Amber""], [""The Unnamed Feeling""], [""Purify""], [""One""], [""The Shortest Straw""], [""Dyers Eve""], [""Springsville""], [""The Maids Of Cadiz""], [""Miles Ahead""], [""Blues For Pablo""], [""New Rhumba""], [""Springsville (Alternate Take)""], [""The Meaning Of The Blues/Lament (Alternate Take)""], [""I Don't Wanna Be Kissed (By Anyone But You) (Alternate Take)""], [""Cuitelinho""], [""Caxang\u00e1""], [""Nos Bailes Da Vida""], [""Can\u00e7\u00e3o Do Novo Mundo""], [""Um Gosto De Sol""], [""Solar""], [""Minas""], [""F\u00e9 Cega, Faca Amolada""], [""Gran Circo""], [""Trastevere""], [""Leila (Venha Ser Feliz)""], [""Paula E Bebeto""], [""Simples""], [""Ace Of Spades""], [""Love Me Like A Reptile""], [""Shoot You In The Back""], [""(We Are) The Road Crew""], [""Fire Fire""], [""Bite The Bullet""], [""The Chase Is Better Than The Catch""], [""The Hammer""], [""Emergency""], [""Kir Royal""], [""Dois \u00cdndios""], [""Noite Negra""], [""Beijo do Olhar""], [""S\u00f3 Se For Pelo Cabelo""], [""No Clima""], [""Bitter Pill""], [""Enslaved""], [""Girls, Girls, Girls""], [""Glitter""], [""Dr. Feelgood""], [""Afraid""], [""Don't Go Away Mad (Just Go Away)""], [""Without You""], [""Too Fast For Love""], [""Looks That Kill""], [""School""], [""Drain You""], [""Aneurysm""], [""Lithium""], [""Sliver""], [""Heart-Shaped Box""], [""Milk It""], [""Negative Creep""], [""Tourette's""], [""Blew""], [""Come As You Are""], [""Breed""], [""Lithium""], [""Drain You""], [""Lounge Act""], [""Stay Away""], [""Something In The Way""], [""Time""], [""P.S.Apare\u00e7a""], [""M\u00e1gica""], [""Deus""], [""Prazer E F\u00e9""], [""Requebra""], [""Olodum - Alegria Geral""], [""Madag\u00e1scar Olodum""], [""Fara\u00f3 Divindade Do Egito""], [""Olodum, A Banda Do Pel\u00f4""], [""Cartao Postal""], [""Meu Erro""], [""Tendo A Lua""], [""Que Pa\u00eds \u00c9 Este""], [""Feira Moderna""], [""Tequila - Lourinha Bombril (Parate Y Mira)""], [""Lourinha Bombril""], [""Aonde Quer Que Eu Va""], [""Alagados""], [""Mel\u00f4 Do Marinheiro""], [""Vital E Sua Moto""], [""Crazy Train""], [""I Don't Know""], [""Steal Away (The Night)""], [""Suicide Solution (With Guitar Solo)""], [""Goodbye To Romance""], [""No Bone Movies""], [""Upon A Golden Horse""], [""Please Read The Letter""], [""Burning Up""], [""When I Was A Child""], [""House Of Love""], [""Always Forever Now""], [""A Different Kind Of Blue""], [""One Minute Warning""], [""Corpse (These Chains Are Way Too Long)""], [""Elvis Ate America""], [""Theme From Let's Go Native""], [""Wrathchild""], [""Killers""], [""Remember Tomorrow""], [""Running Free""], [""Phantom Of The Opera""], [""Hail, Hail""], [""Daughter""], [""Elderly Woman Behind The Counter In A Small Town""], [""Go""], [""Red Mosquito""], [""Even Flow""], [""Do The Evolution""], [""Better Man""], [""Life Wasted""], [""Comatose""], [""Marker In The Sand""], [""Parachutes""], [""Unemployable""], [""Wasted Reprise""], [""Army Reserve""], [""Come Back""], [""Save You""], [""Love Boat Captain""], [""I Am Mine""], [""Thumbing My Way""], [""You Are""], [""Help Help""], [""Bushleager""], [""All or None""], [""Once""], [""Evenflow""], [""Black""], [""Jeremy""], [""Garden""], [""Deep""], [""Release""], [""Daughter""], [""Glorified G""], [""Blood""], [""Rearviewmirror""], [""Rats""], [""Indifference""], [""Johnny B. Goode""], [""I'm The Toughest""], [""Nothing But Love""], [""Buk-In-Hamm Palace""], [""Mystic Man""], [""Coming In Hot""], [""Equal Rights Downpresser Man""], [""Speak To Me/Breathe""], [""On The Run""], [""Money""], [""Us And Them""], [""Eclipse""], [""ZeroVinteUm""], [""Queimando Tudo""], [""100% HardCore""], [""Biruta""], [""M\u00e3o Na Cabe\u00e7a""], [""Adoled (Ocean)""], [""Seus Amigos""], [""Paga Pau""], [""Quem Me Cobrou?""], [""Killer Queen""], [""Don't Stop Me Now""], [""Crazy Little Thing Called Love""], [""Now I'm Here""], [""Good Old-Fashioned Lover Boy""], [""Play The Game""], [""We Will Rock You""], [""We Are The Champions""], [""Pop Song 89""], [""Stand""], [""World Leader Pretend""], [""Orange Crush""], [""Turn You Inside-Out""], [""E-Bow The Letter""], [""Low Desert""], [""Near Wild Heaven""], [""Belong""], [""Half A World Away""], [""Driver 8""], [""The One I Love""], [""Merry Christmas""], [""Bodies""], [""Cajueiro""], [""Palhas Do Coqueiro""], [""O Segredo Do Universo""], [""Mata Virgem""], [""Diamante De Mendigo""], [""Neg\u00f3cio \u00c9""], [""Muita Estrela, Pouca Constela\u00e7\u00e3o""], [""Breaking The Girl""], [""Funky Monks""], [""The Righteous & The Wicked""], [""Give It Away""], [""Blood Sugar Sex Magik""], [""Apache Rose Peacock""], [""The Greeting Song""], [""My Lovely Man""], [""Universally Speaking""], [""Dosed""], [""Don't Forget Me""], [""Midnight""], [""Throw Away Your Television""], [""Cabron""], [""Minor Thing""], [""Warm Tape""], [""Venice Queen""], [""Scar Tissue""], [""Otherside""], [""Easily""], [""Emit Remmus""], [""This Velvet Glove""], [""Savior""], [""Purple Stain""], [""The Spirit Of Radio""], [""The Trees""], [""Something For Nothing""], [""Bastille Day""], [""By-Tor And The Snow Dog""], [""2112 Overture""], [""The Temples Of Syrinx""], [""La Villa Strangiato""], [""Jingo""], [""El Corazon Manda""], [""As The Years Go by""], [""Soul Sacrifice""], [""Fried Neckbones And Home Fries""], [""We've Got To Get Together/Jingo""], [""Rock Me""], [""The Way You Do To Mer""], [""Holding Back The Years""], [""Money's Too Tight To Mention""], [""A New Flame""], [""You've Got It""], [""Something Got Me Started""], [""Thrill Me""], [""Your Mirror""], [""Angel""], [""Fairground""], [""Ela Desapareceu""], [""Balada Do Amor Inabal\u00e1vel""], [""Can\u00e7\u00e3o Noturna""], [""Rebeli\u00e3o""], [""A \u00daltima Guerra""], [""Preto Dami\u00e3o""], [""\u00c9 Uma Partida De Futebol""], [""Eu Disse A Ela""], [""T\u00e3o Seu""], [""Sem Terra""], [""Los Pretos""], [""Sul Da Am\u00e9rica""], [""Pocon\u00e9""], [""Because You Are""], [""Slow Dawn""], [""Believe""], [""Marquis In Spades""], [""Here's To The Atom Bomb""], [""Sparrow""], [""Set The Ray To Jerry""], [""Siva""], [""Today""], [""Landslide""], [""1979""], [""Zero""], [""Tonight, Tonight""], [""Perfect""], [""The Everlasting Gaze""], [""Fell On Black Days""], [""Blow Up The Outside World""], [""Ty Cobb""], [""Morning Dance""], [""Jubilee""], [""The House Is Rockin'""], [""Love Me Darlin'""], [""Wicked Garden""], [""Sin""], [""Naked Sunday""], [""This Cocaine Makes Me Feel Like I'm On This Song""], [""Old School Hollywood""], [""Falling in Circles""], [""Book of Hours""], [""Thick & Thin""], [""Greasy Grass River""], [""Wiser Time""], [""Cosmic Fiend""], [""She Talks To Angels""], [""Twice As Hard""], [""Lickin'""], [""Remote Control""], [""Complete Control""], [""English Civil War""], [""I Fought The Law""], [""London Calling""], [""The Call Up""], [""Hitsville UK""], [""The Magnificent Seven""], [""Should I Stay Or Should I Go""], [""The Saint""], [""Rise""], [""American Gothic""], [""Ashes And Ghosts""], [""Shape The Sky""], [""My Bridges Burn""], [""She Sells Sanctuary""], [""Fire Woman""], [""The Witch""], [""Revolution""], [""Rain""], [""Heart Of Soul""], [""Wild Flower""], [""Go West""], [""Resurrection Joe""], [""Earth Mofo""], [""Break on Through""], [""Soul Kitchen""], [""Alabama Song""], [""Light My Fire""], [""End Of The Night""], [""Take It As It Comes""], [""The End""], [""Message in a Bottle""], [""Walking on the Moon""], [""Every Little Thing She Does is Magic""], [""Invisible Sun""], [""Spirit's in the Material World""], [""Wrapped Around Your Finger""], [""Don't Stand So Close to Me '86""], [""Heart Of Stone""], [""Play With Fire""], [""Satisfaction""], [""Mother's Little Helper""], [""19th Nervous Breakdown""], [""Ruby Tuesday""], [""Let's Spend The Night Together""], [""Intro""], [""Flip The Switch""], [""Memory Motel""], [""Wainting On A Friend""], [""Sister Morphine""], [""Live With Me""], [""The Last Time""], [""Out Of Control""], [""Sparks Will Fly""], [""The Worst""], [""New Faces""], [""I Go Wild""], [""Brand New Car""], [""Blinded By Rainbows""], [""Baby Break It Down""], [""Thru And Thru""], [""Temptation""], [""The Messenger""], [""Psychopomp""], [""The Bazaar""], [""Save Me (Remix)""], [""Fire In The Head""], [""Babylon""], [""Temptation""], [""Alarum""], [""Transmission""], [""Pulse""], [""Emerald""], [""Aftermath""], [""My Generation""], [""Substitute""], [""Who Are You (Single Edit Version)""], [""Chocolate""], [""Azul Da Cor Do Mar""], [""At\u00e9 Que Enfim Encontrei Voc\u00ea""], [""Coron\u00e9 Antonio Bento""], [""Over Again""], [""I Don't Know What To Do With Myself""], [""Preciso Ser Amado""], [""Preciso Aprender A Ser S\u00f3""], [""Esta \u00c9 A Can\u00e7\u00e3o""], [""Heredit\u00e1rio""], [""Bichos Escrotos (Vinheta)""], [""Divers\u00e3o""], [""Televis\u00e3o""], [""Desordem""], [""N\u00e3o Vou Me Adaptar""], [""Senhora E Senhor""], [""Mis\u00e9ria""], [""\u00c9 Preciso Saber Viver""], [""Senhor Delegado/Eu N\u00e3o Aguento""], [""Battlestar Galactica: The Story So Far""], [""Torn""], [""A Measure of Salvation""], [""The Eye of Jupiter""], [""Rapture""], [""Taking a Break from All Your Worries""], [""Dirty Hands""], [""Maelstrom""], [""The Son Also Rises""], [""Don't Look Back""], [""Collision""], [""Hiros""], [""Homecoming""], [""Six Months Ago""], [""Fallout""], [""Run!""], [""Unexpected""], [""Company Man""], [""A Tale of Two Cities""], [""Lost (Pilot, Part 1) [Premiere]""], [""Lost (Pilot, Part 2)""], [""Further Instructions""], [""Tabula Rasa""], [""Every Man for Himself""], [""Everybody Hates Hugo""], [""The Cost of Living""], [""White Rabbit""], [""Abandoned""], [""Not In Portland""], [""Not In Portland""], [""Collision""], [""Confidence Man""], [""Flashes Before Your Eyes""], [""What Kate Did""], [""Raised By Another""], [""All the Best Cowboys Have Daddy Issues""], [""The Hunting Party""], [""Tricia Tanaka Is Dead""], [""Whatever the Case May Be""], [""Hearts and Minds""], [""One of Them""], [""Special""], [""The Man from Tallahassee""], [""Maternity Leave""], [""Left Behind""], [""...In Translation""], [""Lockdown""], [""One of Us""], [""Numbers""], [""D.O.C.""], [""Do No Harm""], [""Two for the Road""], [""The Greater Good""], [""Three Minutes""], [""Exodus (Part 1)""], [""Live Together, Die Alone, Pt. 2""], [""Exodus (Part 3) [Season Finale]""], [""Zoo Station""], [""Until The End Of The World""], [""Who's Gonna Ride Your Wild Horses""], [""Mysterious Ways""], [""Tryin' To Throw Your Arms Around The World""], [""Ultraviolet (Light My Way)""], [""Beautiful Day""], [""Stuck In A Moment You Can't Get Out Of""], [""Elevation""], [""Kite""], [""In A Little While""], [""Wild Honey""], [""Grace""], [""Love Comes Tumbling""], [""Unchained Melody""], [""Luminous Times (Hold On To Love)""], [""Silver And Gold""], [""Endless Deep""], [""A Room At The Heartbreak Hotel""], [""Miracle Drug""], [""Sometimes You Can't Make It On Your Own""], [""Gone""], [""If You Wear That Velvet Dress""], [""Please""], [""Helter Skelter""], [""Van Diemen's Land""], [""Angel Of Harlem""], [""Pride (In The Name Of Love)""], [""Sunday Bloody Sunday""], [""Where The Streets Have No Name""], [""I Will Follow""], [""The Refugee""], [""\""40\""""], [""Daddy's Gonna Pay For Your Crashed Car""], [""Some Days Are Better Than Others""], [""Breakfast In Bed""], [""Where Did I Go Wrong""], [""Kingston Town""], [""(I Can't Help) Falling In Love With You""], [""Reggae Music""], [""Superstition""], [""Until My Dying Day""], [""Intruder""], [""(Oh) Pretty Woman""], [""Big Bad Bill (Is Sweet William Now)""], [""The Full Bug""], [""Happy Trails""], [""Runnin' With The Devil""], [""Dance the Night Away""], [""And the Cradle Will Rock...""], [""Why Can't This Be Love""], [""When It's Love""], [""Poundcake""], [""Can't Get This Stuff No More""], [""Me Wise Magic""], [""Runnin' With The Devil""], [""Ain't Talkin' 'Bout Love""], [""I'm The One""], [""Jamie's Cryin'""], [""Little Dreamer""], [""Ice Cream Man""], [""Without You""], [""From Afar""], [""Once""], [""Fire in the Hole""], [""Josephina""], [""Ballot or the Bullet""], [""How Many Say I""], [""Sucker Train Blues""], [""Illegal I Song""], [""Spectacle""], [""Superhuman""], [""Set Me Free""], [""You Got No Right""], [""Loving The Alien""], [""Pela Luz Dos Olhos Teus""], [""O Velho E Aflor""], [""Cotidiano N 2""], [""Adeus""], [""Meu Pranto Rolou""], [""Mulher Carioca""], [""Oi, La""], [""Vinicius, Poeta Do Encontro""], [""Soneto Da Separacao""], [""Is This Love""], [""Love Ain't No Stranger""], [""Slide It In""], [""Slow An' Easy""], [""Judgement Day""], [""Crying In The Rain""], [""Fool For Your Loving""], [""Posso At\u00e9 Me Apaixonar""], [""N\u00e3o Sou Mais Disso""], [""Vivo Isolado Do Mundo""], [""Vai Adiar""], [""Rugas""], [""Chico N\u00e3o Vai na Corimba""], [""Papel Principal""], [""Saudade Louca""], [""Minha F\u00e9""], [""Lua de Ogum""], [""The Brig""], [""0.07%""], [""Five Years Gone""], [""Greatest Hits""], [""Landslide""], [""The Office: An American Workplace (Pilot)""], [""Health Care""], [""The Alliance""], [""Basketball""], [""Sexual Harassment""], [""Office Olympics""], [""The Fire""], [""The Fight""], [""The Client""], [""Performance Review""], [""Booze Cruise""], [""The Injury""], [""The Secret""], [""Boys and Girls""], [""Valentine's Day""], [""Dwight's Speech""], [""Take Your Daughter to Work Day""], [""Drug Testing""], [""Conflict Resolution""], [""Casino Night - Season Finale""], [""Grief Counseling""], [""The Merger""], [""Traveling Salesmen""], [""Ben Franklin""], [""Business School""], [""Cocktails""], [""The Negotiation""], [""Product Recall""], [""Women's Appreciation""], [""Beach Games""], [""Battlestar Galactica, Pt. 3""], [""The Young Lords""], [""Fire In Space""], [""War of the Gods, Pt. 1""], [""The Man With Nine Lives""], [""Murder On the Rising Star""], [""Through the Looking Glass, Pt. 2""], [""Mother""], [""I'm Losing You""], [""Nobody Told Me""], [""Working Class Hero""], [""Power to the People""], [""Isolation""], [""Watching the Wheels""], [""Grow Old With Me""], [""Real Love""], [""Snowblind""], [""Black Sabbath""], [""The Wizard""], [""N.I.B.""], [""Sweet Leaf""], [""Paranoid""], [""Rock You Like a Hurricane""], [""No One Like You""], [""Big City Nights""], [""Believe in Love""], [""Rhythm of Love""], [""Wind of Change""], [""Send Me an Angel""], [""Jump Around""], [""Commercial 1""], [""House And The Rising Sun""], [""Shamrocks And Shenanigans""], [""House Of Pain Anthem""], [""Put On Your Shit Kickers""], [""Come And Get Some Of This""], [""Life Goes On""], [""All My Love""], [""Jump Around (Pete Rock Remix)""], [""Shamrocks And Shenanigans (Boom Shalock Lock Boom/Butch Vig Mix)""], [""Prostituta""], [""Eu So Queria Sumir""], [""Tres Reis""], [""Batalha Naval""], [""O Misterio do Samba""], [""Na Ladeira""], [""Carimbo""], [""Catimbo""], [""Mun-Ra""], [""Freestyle Love""], [""War Pigs""], [""LOST Season 4 Trailer""], [""LOST In 8:15""], [""Confirmed Dead""], [""Eggtown""], [""The Constant""], [""The Other Woman""], [""The Shape of Things to Come""], [""Amanda""], [""Despertar""], [""Distance""], [""I Guess You're Right""], [""I Ka Barra (Your Work)""], [""OAM's Blues""], [""One Step Beyond""], [""Symphony No. 3 in E-flat major, Op. 55, \""Eroica\"" - Scherzo: Allegro Vivace""], [""Cabin Fever""], [""There's No Place Like Home, Pt. 1""], [""There's No Place Like Home, Pt. 2""], [""Reach Down""], [""Hunger Strike""], [""Pushin Forward Back""], [""Times of Trouble""], [""Wooden Jesus""], [""Your Savior""], [""No Such Thing""], [""Poison Eye""], [""Arms Around Your Love""], [""She'll Never Be Your Man""], [""Ghosts""], [""Killing Birds""], [""Your Soul Today""], [""Finally Forever""], [""Silence the Voices""], [""You Know My Name""], [""Revelations""], [""One and the Same""], [""Original Fire""], [""Broken City""], [""Somedays""], [""Jewel of the Summertime""], [""Wide Awake""], [""Nothing Left to Say But Goodbye""], [""Band Members Discuss Tracks from \""Revelations\""""], [""Intoitus: Adorate Deum""], [""Miserere mei, Deus""], [""Concerto No. 1 in E Major, RV 269 \""Spring\"": I. Allegro""], [""Concerto for 2 Violins in D Minor, BWV 1043: I. Vivace""], [""Aria Mit 30 Ver\u00e4nderungen, BWV 988 \""Goldberg Variations\"": Aria""], [""Solomon HWV 67: The Arrival of the Queen of Sheba""], [""\""Eine Kleine Nachtmusik\"" Serenade In G, K. 525: I. Allegro""], [""Concerto for Clarinet in A Major, K. 622: II. Adagio""], [""Symphony No.5 in C Minor: I. Allegro con brio""], [""Ave Maria""], [""Nabucco: Chorus, \""Va, Pensiero, Sull'ali Dorate\""""], [""The Nutcracker, Op. 71a, Act II: Scene 14: Pas de deux: Dance of the Prince & the Sugar-Plum Fairy""], [""Nimrod (Adagio) from Variations On an Original Theme, Op. 36 \""Enigma\""""], [""Madama Butterfly: Un Bel D\u00ec Vedremo""], [""Turandot, Act III, Nessun dorma!""], [""Adagio for Strings from the String Quartet, Op. 11""], [""Carmina Burana: O Fortuna""], [""Fanfare for the Common Man""], [""The Return""], [""Toccata and Fugue in D Minor, BWV 565: I. Toccata""], [""Symphony No.1 in D Major, Op.25 \""Classical\"", Allegro Con Brio""], [""Cavalleria Rusticana \\ Act \\ Intermezzo Sinfonico""], [""Das Lied Von Der Erde, Von Der Jugend""], [""Missa Papae Marcelli: Kyrie""], [""On the Beautiful Blue Danube""], [""Carmen: Overture""], [""Lamentations of Jeremiah, First Set \\ Incipit Lamentatio""], [""Music for the Royal Fireworks, HWV351 (1749): La R\u00e9jouissance""], [""Die Zauberfl\u00f6te, K.620: \""Der H\u00f6lle Rache Kocht in Meinem Herze\""""], [""SCRIABIN: Prelude in B Major, Op. 11, No. 11""], [""Pavan, Lachrimae Antiquae""], [""Love Is a Losing Game""], [""You Sent Me Flying / Cherry""], [""(There Is) No Greater Love (Teo Licks)""], [""In My Bed""], [""October Song""], [""What Is It About Men""], [""Concert pour 4 Parties de V**les, H. 545: I. Prelude""], [""3 Gymnop\u00e9dies: No.1 - Lent Et Grave, No.3 - Lent Et Douloureux""], [""Le Sacre Du Printemps: I.iv. Spring Rounds""], [""24 Caprices, Op. 1, No. 24, for Solo Violin, in A Minor""], [""Erlkonig, D.328""], [""Concerto for Violin, Strings and Continuo in G Major, Op. 3, No. 9: I. Allegro""], [""L'orfeo, Act 3, Sinfonia (Orchestra)""], [""Quintet for Horn, Violin, 2 Violas, and Cello in E Flat Major, K. 407/386c: III. Allegro""], [""Koyaanisqatsi""]], ""metadata"": {""display_value"": null, ""styling"": null}}","None of the tracks in this list were purchased by any customer, as there is no data indicating any purchases. The names of all tracks in the list are unknown to have been bought by a customer.",,,2024-08-06 11:38:49.967267
Find the names of employees who have been with the company for more than 5 years,gemma2-9b-it,5,,"'```sql
SELECT LastName,
       FirstName
FROM Employee
WHERE HireDate < CURRENT_DATE() - INTERVAL '5 years'
```","{""headers"": [""LastName"", ""FirstName""], ""data"": [[""Adams"", ""Andrew""], [""Edwards"", ""Nancy""], [""Peacock"", ""Jane""], [""Park"", ""Margaret""], [""Johnson"", ""Steve""], [""Mitchell"", ""Michael""], [""King"", ""Robert""], [""Callahan"", ""Laura""]], ""metadata"": {""display_value"": null, ""styling"": null}}","The employees who have been with the company for more than 5 years are Adams, Edwards, Peacock, Park, Johnson, Mitchell, King, and Callahan.  
",,,2024-08-06 12:48:54.189639
Get the names of employees who were hired in the month of October?,gemma2-9b-it,5,,"'```sql
SELECT LastName,
       FirstName
FROM Employee
WHERE strftime('%m', HireDate) = '10'
```","{""headers"": [""LastName"", ""FirstName""], ""data"": [[""Johnson"", ""Steve""], [""Mitchell"", ""Michael""]], ""metadata"": null}","The employees Johnson, Steve and Mitchell, Michael, were hired in October.  
",,,2024-08-06 14:14:07.140181
Which artist has earned the most?,gemma2-9b-it,5,,"'```sql
SELECT Artist.Name,
       SUM(Track.UnitPrice * InvoiceLine.Quantity) AS TotalEarnings
FROM Artist
JOIN Album ON Artist.ArtistId = Album.ArtistId
JOIN Track ON Album.AlbumId = Track.AlbumId
JOIN InvoiceLine ON Track.TrackId = InvoiceLine.TrackId
GROUP BY Artist.Name
ORDER BY TotalEarnings DESC
LIMIT 1
```","{""headers"": [""Name"", ""TotalEarnings""], ""data"": [[""Iron Maiden"", 138.5999999999998]], ""metadata"": {""display_value"": null, ""styling"": null}}","Iron Maiden has earned the most, with total earnings of 138.6.  
",,,2024-08-09 16:02:52.912254
Find the average unit price of tracks in each genre,gemma2-9b-it,5,,"'```sql
SELECT t.GenreId,
       AVG(t.UnitPrice) AS AvgUnitPrice
FROM Track t
GROUP BY t.GenreId
```","{""headers"": [""GenreId"", ""AvgUnitPrice""], ""data"": [[11, 0.9900000000000001], [15, 0.9899999999999994], [16, 0.9899999999999994], [22, 1.9899999999999995], [5, 0.9900000000000001], [9, 0.9900000000000002], [14, 0.9900000000000005], [17, 0.9899999999999995], [4, 0.9900000000000047], [23, 0.9899999999999999], [24, 0.9899999999999999], [3, 0.9900000000000051], [6, 0.9899999999999994], [12, 0.9899999999999997], [20, 1.9900000000000004], [1, 0.9900000000000079], [21, 1.9899999999999978], [25, 0.99], [7, 0.9900000000000065], [8, 0.9900000000000005], [13, 0.9899999999999994], [19, 1.990000000000001], [2, 0.9899999999999978], [10, 0.99], [18, 1.9899999999999995]], ""metadata"": {""display_value"": null, ""styling"": null}}","The average unit price of tracks varies by genre.  Most genres have an average unit price of \$0.99. A few genres, including  genre IDs 3, 14, 20, and 21, have an average unit price of \$1.99.  


",,,2024-08-09 16:08:55.572929
